{"name":"fe19db4a-e6c5-48c6-bb59-215ddcb9c1e9","id":"/providers/Microsoft.Flow/flows/fe19db4a-e6c5-48c6-bb59-215ddcb9c1e9","type":"Microsoft.Flow/flows","properties":{"apiId":"/providers/Microsoft.PowerApps/apis/shared_logicflows","displayName":"Daily Emails","definition":{"metadata":{"workflowEntityId":null,"processAdvisorMetadata":null,"flowChargedByPaygo":null,"flowclientsuspensionreason":"None","flowclientsuspensiontime":null,"flowclientsuspensionreasondetails":null,"creator":{"id":"b5e13060-0217-4ecf-9771-56f8614eebbb","type":"User","tenantId":"d41c46b7-fc1f-4b3f-ad01-cf026da0f79d"},"provisioningMethod":"FromDefinition","failureAlertSubscription":true,"clientLastModifiedTime":"2025-12-18T14:43:14.8348939Z","connectionKeySavedTimeKey":"2025-12-18T14:43:14.8348939Z","creationSource":"Portal","modifiedSources":"Portal;PowerAutomateMobile"},"$schema":"https://schema.management.azure.com/providers/Microsoft.Logic/schemas/2016-06-01/workflowdefinition.json#","contentVersion":"undefined","parameters":{"$connections":{"defaultValue":{},"type":"Object"},"$authentication":{"defaultValue":{},"type":"SecureObject"}},"triggers":{"Recurrence":{"recurrence":{"frequency":"Day","interval":1,"timeZone":"W. Europe Standard Time","schedule":{"hours":["6"],"minutes":[30]}},"evaluatedRecurrence":{"frequency":"Day","interval":1,"timeZone":"W. Europe Standard Time","schedule":{"hours":["6"],"minutes":[30]}},"metadata":{"operationMetadataId":"1f202da6-3a33-48e3-b77e-e30791230434"},"type":"Recurrence"}},"actions":{"List_files_in_folder":{"runAfter":{"Initialize_variable":["Succeeded"]},"metadata":{"6e202211-2856-4d17-9ded-5beb8b8626b0":"/","b!KW-H5w_tnkyrx03o7EXZNUAfiV-ukUZKqEaO_90_RHgTSR6kUDqvSYZQIVf1FbvV.01V24Y5JVPIETCRERIWVAZY5F4HJ5YPKLG":"/PowerAutomate/BKW test","b!KW-H5w_tnkyrx03o7EXZNUAfiV-ukUZKqEaO_90_RHgTSR6kUDqvSYZQIVf1FbvV.01V24Y5JTBM6LQDVEAWRC3RWDF3OH6ED6K":"/PowerAutomate/BKW test/Dynamic_folder/outgoing","b!KW-H5w_tnkyrx03o7EXZNUAfiV-ukUZKqEaO_90_RHgTSR6kUDqvSYZQIVf1FbvV.01V24Y5JQOAWAOBUDSRFG3EGKMXI3DFIJT":"/PowerAutomate/BKW test/Dinamic_folder/outgoing/17-12-2025","b!KW-H5w_tnkyrx03o7EXZNUAfiV-ukUZKqEaO_90_RHgTSR6kUDqvSYZQIVf1FbvV.01V24Y5JU6SEZO5GW5IJEI47DLUH67K2WX":"/PowerAutomate/BKW test/Dinamic_folder","operationMetadataId":"6d812580-eb56-4926-a409-e9653e55ac08"},"type":"OpenApiConnection","inputs":{"host":{"apiId":"/providers/Microsoft.PowerApps/apis/shared_onedriveforbusiness","connectionName":"shared_onedriveforbusiness","operationId":"ListFolderV2"},"parameters":{"id":"b!KW-H5w_tnkyrx03o7EXZNUAfiV-ukUZKqEaO_90_RHgTSR6kUDqvSYZQIVf1FbvV.01V24Y5JTBM6LQDVEAWRC3RWDF3OH6ED6K"},"authentication":"@parameters('$authentication')"}},"Initialize_variable":{"runAfter":{},"metadata":{"operationMetadataId":"a446919d-7dbd-4f64-9fa7-75af4d30620f"},"type":"InitializeVariable","inputs":{"variables":[{"name":"emaildate","type":"string","value":"@formatDateTime(utcNow(), 'dd-MM-yyyy')"}]}},"Filter_array":{"runAfter":{"List_files_in_folder":["Succeeded"]},"metadata":{"operationMetadataId":"657141b7-6b13-42b5-be8b-b67d39c2375c"},"type":"Query","inputs":{"from":"@body('List_files_in_folder')?['value']","where":"@and(equals(item()?['IsFolder'], true), contains(item()?['Name'], variables('emaildate')))\n"}},"List_files_in_folder_from_Today":{"runAfter":{"Filter_array":["Succeeded"]},"metadata":{"operationMetadataId":"fbe15d4e-5fd6-4411-9028-61189494a433"},"type":"OpenApiConnection","inputs":{"host":{"apiId":"/providers/Microsoft.PowerApps/apis/shared_onedriveforbusiness","connectionName":"shared_onedriveforbusiness","operationId":"ListFolderV2"},"parameters":{"id":"@first(body('Filter_array'))?['Id']\n"},"authentication":"@parameters('$authentication')"}},"Apply_to_each":{"foreach":"@body('List_files_in_folder_from_Today')?['value']\n","actions":{"Get_file_content":{"runAfter":{},"metadata":{"operationMetadataId":"aae404c3-08fe-4fe3-9726-ac351f9c0262"},"type":"OpenApiConnection","inputs":{"host":{"apiId":"/providers/Microsoft.PowerApps/apis/shared_onedriveforbusiness","connectionName":"shared_onedriveforbusiness","operationId":"GetFileContent"},"parameters":{"id":"@items('Apply_to_each')?['Id']","inferContentType":true},"authentication":"@parameters('$authentication')"}},"Send_an_email_(V2)":{"runAfter":{"Get_file_content":["Succeeded"]},"metadata":{"operationMetadataId":"c50331a5-ad02-4706-afee-f386c3e9709a"},"type":"OpenApiConnection","inputs":{"host":{"apiId":"/providers/Microsoft.PowerApps/apis/shared_office365","connectionName":"shared_office365","operationId":"SendEmailV2"},"parameters":{"emailMessage/To":"sua.raziel.sandoval@gmail.com","emailMessage/Subject":"@items('Apply_to_each')?['Name']","emailMessage/Body":"<p class=\"editor-paragraph\">Guten Tag,<br><br>bitte finden Sie die gewünschten Informationen im Anhang.</p>","emailMessage/Attachments":[{"Name":"@items('Apply_to_Each')?['Name']","ContentBytes":"@body('Get_file_content')"}]},"authentication":"@parameters('$authentication')"}}},"runAfter":{"List_files_in_folder_from_Today":["Succeeded"]},"metadata":{"operationMetadataId":"0592ef21-4cd7-4740-8c7c-a0539725eb15"},"type":"Foreach"}}},"connectionReferences":{"shared_onedriveforbusiness":{"connectionName":"shared-onedriveforbu-ba0a4b7e-f88c-48e5-9bb8-c7867a46ef50","source":"Embedded","id":"/providers/Microsoft.PowerApps/apis/shared_onedriveforbusiness","tier":"NotSpecified","apiName":"onedriveforbusiness","isProcessSimpleApiReferenceConversionAlreadyDone":false},"shared_office365":{"connectionName":"shared-office365-3dad979e-22d3-41d5-a1b5-31223ad79a00","source":"Embedded","id":"/providers/Microsoft.PowerApps/apis/shared_office365","tier":"NotSpecified","apiName":"office365","isProcessSimpleApiReferenceConversionAlreadyDone":false}},"flowFailureAlertSubscribed":false,"isManaged":false}}