{"name":"20af4b7c-ae9e-4d54-bead-9db46e9afbd7","id":"/providers/Microsoft.Flow/flows/20af4b7c-ae9e-4d54-bead-9db46e9afbd7","type":"Microsoft.Flow/flows","properties":{"apiId":"/providers/Microsoft.PowerApps/apis/shared_logicflows","displayName":"Save BKW data in OD","definition":{"metadata":{"workflowEntityId":null,"processAdvisorMetadata":null,"flowChargedByPaygo":null,"flowclientsuspensionreason":"None","flowclientsuspensiontime":null,"flowclientsuspensionreasondetails":null,"creator":{"id":"b5e13060-0217-4ecf-9771-56f8614eebbb","type":"User","tenantId":"d41c46b7-fc1f-4b3f-ad01-cf026da0f79d"},"provisioningMethod":"FromDefinition","failureAlertSubscription":true,"clientLastModifiedTime":"2026-01-06T08:17:27.1563212Z","connectionKeySavedTimeKey":"2026-01-06T08:17:27.1563212Z","creationSource":null,"modifiedSources":"Portal"},"$schema":"https://schema.management.azure.com/providers/Microsoft.Logic/schemas/2016-06-01/workflowdefinition.json#","contentVersion":"1.0.0.0","parameters":{"$authentication":{"defaultValue":{},"type":"SecureObject"},"$connections":{"defaultValue":{},"type":"Object"}},"triggers":{"When_a_new_email_arrives_(V3)":{"splitOn":"@triggerOutputs()?['body/value']","metadata":{"operationMetadataId":"9a53d531-4be3-404b-9f61-47b3c23ccf55","Id::AAMkAGU2ZDVhMzBhLTVmZmQtNGViNi1iZmE0LTk3MTU4YThjMGFhZgAuAAAAAAD0ylYCRA2ET4jth3qHSUHkAQAqO29zOzcCS5yIo36udu4LAAGHon7ZAAA=":"Rotosoft-data"},"type":"OpenApiConnectionNotification","inputs":{"parameters":{"from":"sua.raziel.sandoval@gmail.com;service@notus.rotorsoft.net","includeAttachments":true,"fetchOnlyWithAttachment":true,"folderPath":"Id::AAMkAGU2ZDVhMzBhLTVmZmQtNGViNi1iZmE0LTk3MTU4YThjMGFhZgAuAAAAAAD0ylYCRA2ET4jth3qHSUHkAQAqO29zOzcCS5yIo36udu4LAAGHon7ZAAA="},"host":{"apiId":"/providers/Microsoft.PowerApps/apis/shared_office365","connectionName":"shared_office365","operationId":"OnNewEmailV3"},"authentication":"@parameters('$authentication')"}}},"actions":{"variable_emaildate":{"runAfter":{},"metadata":{"operationMetadataId":"52ac8362-9c8d-478f-b81a-52fb5a709821"},"type":"InitializeVariable","inputs":{"variables":[{"name":"emaildate","type":"string","value":"@formatDateTime(triggerOutputs()?['body/receivedDateTime'], 'dd-MM-yyyy')"}]}},"Condition_E-mail":{"actions":{"Apply_to_each_attachment":{"foreach":"@triggerOutputs()?['body/attachments']","actions":{"Condition":{"actions":{"Create_file":{"type":"OpenApiConnection","inputs":{"parameters":{"folderPath":"/PowerAutomate/BKW test/Dynamic_folder/incoming/@{variables('emaildate')}","name":"@item()?['name']","body":"@item()?['contentBytes']"},"host":{"apiId":"/providers/Microsoft.PowerApps/apis/shared_onedriveforbusiness","connectionName":"shared_onedriveforbusiness","operationId":"CreateFile"},"authentication":"@parameters('$authentication')"},"runtimeConfiguration":{"contentTransfer":{"transferMode":"Chunked"}}},"Create_file_Metadata":{"runAfter":{"Create_file":["Succeeded"]},"type":"OpenApiConnection","inputs":{"parameters":{"folderPath":"/PowerAutomate/BKW test/Dynamic_folder/incoming/@{variables('emaildate')}","name":"meta-@{item()?['name']}.txt","body":"Received from: @{triggerOutputs()?['body/from']}\nEmail subject: @{triggerOutputs()?['body/subject']}\nReceived time (UTC): @{triggerOutputs()?['body/receivedDateTime']}"},"host":{"apiId":"/providers/Microsoft.PowerApps/apis/shared_onedriveforbusiness","connectionName":"shared_onedriveforbusiness","operationId":"CreateFile"},"authentication":"@parameters('$authentication')"},"runtimeConfiguration":{"contentTransfer":{"transferMode":"Chunked"}}}},"else":{"actions":{}},"expression":{"or":[{"contains":["@item()?['name']",".zip"]},{"contains":["@item()?['name']",".xlsx"]}]},"metadata":{"operationMetadataId":"6e07612c-2bc2-4d29-bb98-d91ffd3fe308"},"type":"If"}},"metadata":{"operationMetadataId":"078a034f-4bde-4abc-b1fb-4f2d581bdb09"},"type":"Foreach"}},"runAfter":{"variable_emaildate":["Succeeded"]},"else":{"actions":{}},"expression":{"or":[{"equals":["@triggerOutputs()?['body/from']","sua.raziel.sandoval@gmail.com"]},{"equals":["@triggerOutputs()?['body/from']","service@notus.rotorsoft.net"]}]},"metadata":{"operationMetadataId":"b6795d20-1731-4e5b-96ca-922976edcba8"},"type":"If"}},"outputs":{}},"connectionReferences":{"shared_office365":{"connectionName":"shared-office365-3dad979e-22d3-41d5-a1b5-31223ad79a00","source":"Embedded","id":"/providers/Microsoft.PowerApps/apis/shared_office365","tier":"NotSpecified","apiName":"office365","isProcessSimpleApiReferenceConversionAlreadyDone":false},"shared_onedriveforbusiness":{"connectionName":"shared-onedriveforbu-ba0a4b7e-f88c-48e5-9bb8-c7867a46ef50","source":"Embedded","id":"/providers/Microsoft.PowerApps/apis/shared_onedriveforbusiness","tier":"NotSpecified","apiName":"onedriveforbusiness","isProcessSimpleApiReferenceConversionAlreadyDone":false}},"flowFailureAlertSubscribed":false,"isManaged":false}}